 (HEAD -> develop, origin/develop) : e417ca41570b1940578739a02328f4fff2dd2fd6
Timestamp: 2016-07-13 17:20:51 -0700
Epoch Timestamp: 1468455651
--------------------------------------------------------------------------------
test, time(s), result

Tests/Unit/pos/zipW2.hs, 0.5646, True
Tests/Unit/pos/zipW1.hs, 0.5943, True
Tests/Unit/pos/zipW.hs, 0.6195, True
Tests/Unit/pos/zipSO.hs, 0.6346, True
Tests/Unit/pos/zipper000.hs, 0.6256, True
Tests/Unit/pos/zipper0.hs, 0.7328, True
Tests/Unit/pos/zipper.hs, 1.1333, True
Tests/Unit/pos/wrap1.hs, 0.8027, True
Tests/Unit/pos/wrap0.hs, 0.6554, True
Tests/Unit/pos/Words1.hs, 2.7617, True
Tests/Unit/pos/Words.hs, 0.6148, True
Tests/Unit/pos/WBL0.hs, 1.3637, True
Tests/Unit/pos/WBL.hs, 1.3443, True
Tests/Unit/pos/vector2.hs, 1.1622, True
Tests/Unit/pos/vector1b.hs, 0.9618, True
Tests/Unit/pos/vector1a.hs, 0.9684, True
Tests/Unit/pos/vector1.hs, 0.9347, True
Tests/Unit/pos/vector00.hs, 0.7136, True
Tests/Unit/pos/vector0.hs, 0.9473, True
Tests/Unit/pos/vecloop.hs, 0.7799, True
Tests/Unit/pos/Variance.hs, 0.6386, True
Tests/Unit/pos/unusedtyvars.hs, 0.6061, True
Tests/Unit/pos/UnboxedTuplesAndTH.hs, 0.7056, True
Tests/Unit/pos/UnboxedTuples.hs, 0.6115, True
Tests/Unit/pos/tyvar.hs, 0.6408, True
Tests/Unit/pos/TypeFamilies.hs, 0.6586, True
Tests/Unit/pos/TypeAlias.hs, 0.6243, True
Tests/Unit/pos/tyfam0.hs, 0.6626, True
Tests/Unit/pos/tyExpr.hs, 0.6042, True
Tests/Unit/pos/tyclass0.hs, 0.6199, True
Tests/Unit/pos/tupparse.hs, 0.6838, True
Tests/Unit/pos/tup0.hs, 0.6352, True
Tests/Unit/pos/transTAG.hs, 1.4424, True
Tests/Unit/pos/transpose.hs, 0.9986, True
Tests/Unit/pos/trans.hs, 0.7415, True
Tests/Unit/pos/ToyMVar.hs, 0.8413, True
Tests/Unit/pos/TopLevel.hs, 0.6651, True
Tests/Unit/pos/top0.hs, 0.6779, True
Tests/Unit/pos/TokenType.hs, 0.6129, True
Tests/Unit/pos/testRec.hs, 0.6523, True
Tests/Unit/pos/Test761.hs, 0.6586, True
Tests/Unit/pos/test2.hs, 0.6862, True
Tests/Unit/pos/test1.hs, 0.6846, True
Tests/Unit/pos/test00c.hs, 0.7085, True
Tests/Unit/pos/test00b.hs, 0.6844, True
Tests/Unit/pos/test000.hs, 0.6796, True
Tests/Unit/pos/test00.old.hs, 0.6726, True
Tests/Unit/pos/test00.hs, 0.6750, True
Tests/Unit/pos/test00-int.hs, 0.6712, True
Tests/Unit/pos/test0.hs, 0.6664, True
Tests/Unit/pos/TerminationNum0.hs, 0.6537, True
Tests/Unit/pos/TerminationNum.hs, 0.6348, True
Tests/Unit/pos/Termination.lhs, 0.7098, True
Tests/Unit/pos/term0.hs, 0.6980, True
Tests/Unit/pos/Term.hs, 0.6862, True
Tests/Unit/pos/TemplateHaskellImp.hs, 0.8782, True
Tests/Unit/pos/TemplateHaskell.hs, 0.7745, True
Tests/Unit/pos/take.hs, 0.8116, True
Tests/Unit/pos/tagBinder.hs, 0.6122, True
Tests/Unit/pos/T716.hs, 0.6792, True
Tests/Unit/pos/T675.hs, 0.7441, True
Tests/Unit/pos/T598.hs, 0.7780, True
Tests/Unit/pos/T595a.hs, 0.6238, True
Tests/Unit/pos/T595.hs, 0.6830, True
Tests/Unit/pos/T531.hs, 0.6208, True
Tests/Unit/pos/Sum.hs, 0.6399, True
Tests/Unit/pos/StructRec.hs, 0.6560, True
Tests/Unit/pos/Strings.hs, 0.6748, True
Tests/Unit/pos/StringLit.hs, 0.6172, True
Tests/Unit/pos/string00.hs, 0.6823, True
Tests/Unit/pos/StrictPair1.hs, 0.8870, True
Tests/Unit/pos/StrictPair0.hs, 0.6561, True
Tests/Unit/pos/StreamInvariants.hs, 0.6268, True
Tests/Unit/pos/stateInvarint.hs, 0.7477, True
Tests/Unit/pos/StateF00.hs, 0.6310, True
Tests/Unit/pos/StateConstraints00.hs, 0.6411, True
Tests/Unit/pos/StateConstraints0.hs, 7.4637, True
Tests/Unit/pos/StateConstraints.hs, 4.1792, True
Tests/Unit/pos/State1.hs, 0.6467, True
Tests/Unit/pos/state00.hs, 0.6479, True
Tests/Unit/pos/State.hs, 0.6832, True
Tests/Unit/pos/stacks0.hs, 0.6745, True
Tests/Unit/pos/StackClass.hs, 0.6337, True
Tests/Unit/pos/spec0.hs, 0.6690, True
Tests/Unit/pos/Solver.hs, 1.0537, True
Tests/Unit/pos/SimplifyTup00.hs, 0.6558, True
Tests/Unit/pos/SimplerNotation.hs, 0.6167, True
Tests/Unit/pos/selfList.hs, 0.7520, True
Tests/Unit/pos/scanr.hs, 0.6922, True
Tests/Unit/pos/SafePartialFunctions.hs, 0.6419, True
Tests/Unit/pos/risers.hs, 0.6779, True
Tests/Unit/pos/ResolvePred.hs, 0.6408, True
Tests/Unit/pos/ResolveB.hs, 0.6028, True
Tests/Unit/pos/ResolveA.hs, 0.6244, True
Tests/Unit/pos/Resolve.hs, 0.6156, True
Tests/Unit/pos/repeatHigherOrder.hs, 0.9668, True
Tests/Unit/pos/Repeat.hs, 0.6528, True
Tests/Unit/pos/RelativeComplete.hs, 0.6562, True
Tests/Unit/pos/recursion0.hs, 0.6250, True
Tests/Unit/pos/RecSelector.hs, 0.6140, True
Tests/Unit/pos/RecQSort0.hs, 0.7604, True
Tests/Unit/pos/RecQSort.hs, 0.7429, True
Tests/Unit/pos/RecordSelectorError.hs, 0.6147, True
Tests/Unit/pos/record1.hs, 0.6302, True
Tests/Unit/pos/record0.hs, 0.7225, True
Tests/Unit/pos/rec_annot_go.hs, 0.7404, True
Tests/Unit/pos/RealProps1.hs, 0.6495, True
Tests/Unit/pos/RealProps.hs, 0.6626, True
Tests/Unit/pos/RBTree.hs, 6.5709, True
Tests/Unit/pos/RBTree-ord.hs, 4.6126, True
Tests/Unit/pos/RBTree-height.hs, 2.2186, True
Tests/Unit/pos/RBTree-color.hs, 2.6561, True
Tests/Unit/pos/RBTree-col-height.hs, 3.3288, True
Tests/Unit/pos/rangeAdt.hs, 1.4025, True
Tests/Unit/pos/range1.hs, 0.7197, True
Tests/Unit/pos/range.hs, 0.8789, True
Tests/Unit/pos/qualTest.hs, 0.6663, True
Tests/Unit/pos/QQTySyn.hs, 2.7305, True
Tests/Unit/pos/QQTySigTyVars.hs, 2.6588, True
Tests/Unit/pos/QQTySig.hs, 2.6367, True
Tests/Unit/pos/propmeasure1.hs, 0.6119, True
Tests/Unit/pos/propmeasure.hs, 0.7015, True
Tests/Unit/pos/Propability.hs, 0.6511, True
Tests/Unit/pos/PromotedDataCons.hs, 0.6210, True
Tests/Unit/pos/profcrasher.hs, 0.6606, True
Tests/Unit/pos/Product.hs, 0.8232, True
Tests/Unit/pos/primInt0.hs, 0.7120, True
Tests/Unit/pos/pred.hs, 0.6187, True
Tests/Unit/pos/pragma0.hs, 0.6120, True
Tests/Unit/pos/poslist_dc.hs, 0.7164, True
Tests/Unit/pos/poslist.hs, 0.7865, True
Tests/Unit/pos/polyqual.hs, 0.8621, True
Tests/Unit/pos/polyfun.hs, 0.6904, True
Tests/Unit/pos/poly4.hs, 0.6723, True
Tests/Unit/pos/poly3a.hs, 0.6394, True
Tests/Unit/pos/poly3.hs, 0.6304, True
Tests/Unit/pos/poly2.hs, 0.6800, True
Tests/Unit/pos/poly2-degenerate.hs, 0.6804, True
Tests/Unit/pos/poly1.hs, 0.6816, True
Tests/Unit/pos/poly0.hs, 0.7158, True
Tests/Unit/pos/PointDist.hs, 0.6692, True
Tests/Unit/pos/PlugHoles.hs, 0.5994, True
Tests/Unit/pos/PersistentVector.hs, 0.7320, True
Tests/Unit/pos/Permutation.hs, 1.1594, True
Tests/Unit/pos/partialmeasure.hs, 0.6305, True
Tests/Unit/pos/partial-tycon.hs, 0.6126, True
Tests/Unit/pos/pargs1.hs, 0.6059, True
Tests/Unit/pos/pargs.hs, 0.6071, True
Tests/Unit/pos/PairMeasure0.hs, 0.6304, True
Tests/Unit/pos/PairMeasure.hs, 0.6382, True
Tests/Unit/pos/pair00.hs, 0.9855, True
Tests/Unit/pos/pair0.hs, 1.1217, True
Tests/Unit/pos/pair.hs, 1.1885, True
Tests/Unit/pos/Overwrite.hs, 0.6265, True
Tests/Unit/pos/OrdList.hs, 8.7215, True
Tests/Unit/pos/nullterm.hs, 0.8459, True
Tests/Unit/pos/NoExhaustiveGuardsError.hs, 0.6424, True
Tests/Unit/pos/NoCaseExpand.hs, 0.9424, True
Tests/Unit/pos/niki1.hs, 0.6905, True
Tests/Unit/pos/niki.hs, 0.6827, True
Tests/Unit/pos/nats.hs, 0.6416, True
Tests/Unit/pos/MutualRec.hs, 1.8184, True
Tests/Unit/pos/mutrec.hs, 0.6431, True
Tests/Unit/pos/MultipleInvariants.hs, 0.6272, True
Tests/Unit/pos/multi-pred-app-00.hs, 0.6040, True
Tests/Unit/pos/Moo.hs, 0.6202, True
Tests/Unit/pos/monad7.hs, 0.7953, True
Tests/Unit/pos/monad6.hs, 0.6942, True
Tests/Unit/pos/monad5.hs, 0.8319, True
Tests/Unit/pos/monad2.hs, 0.6244, True
Tests/Unit/pos/monad1.hs, 0.6080, True
Tests/Unit/pos/modTest.hs, 0.6931, True
Tests/Unit/pos/Mod2.hs, 0.6250, True
Tests/Unit/pos/Mod1.hs, 0.6228, True
Tests/Unit/pos/MergeSort.hs, 1.0438, True
Tests/Unit/pos/Merge1.hs, 0.6529, True
Tests/Unit/pos/MeasureSets.hs, 0.6443, True
Tests/Unit/pos/Measures1.hs, 0.5956, True
Tests/Unit/pos/Measures.hs, 0.6125, True
Tests/Unit/pos/MeasureDups.hs, 0.6788, True
Tests/Unit/pos/MeasureContains.hs, 0.6943, True
Tests/Unit/pos/meas9.hs, 0.6944, True
Tests/Unit/pos/meas8.hs, 0.6608, True
Tests/Unit/pos/meas7.hs, 0.6570, True
Tests/Unit/pos/meas6.hs, 0.7518, True
Tests/Unit/pos/meas5.hs, 1.0363, True
Tests/Unit/pos/meas4.hs, 0.7325, True
Tests/Unit/pos/meas3.hs, 0.7323, True
Tests/Unit/pos/meas2.hs, 0.6841, True
Tests/Unit/pos/meas11.hs, 0.6417, True
Tests/Unit/pos/meas10.hs, 0.7169, True
Tests/Unit/pos/meas1.hs, 0.6817, True
Tests/Unit/pos/meas0a.hs, 0.6913, True
Tests/Unit/pos/meas00a.hs, 0.6565, True
Tests/Unit/pos/meas00.hs, 0.6814, True
Tests/Unit/pos/meas0.hs, 0.6915, True
Tests/Unit/pos/maybe4.hs, 0.6196, True
Tests/Unit/pos/maybe3.hs, 0.6286, True
Tests/Unit/pos/maybe2.hs, 1.0060, True
Tests/Unit/pos/maybe1.hs, 0.7383, True
Tests/Unit/pos/maybe000.hs, 0.6817, True
Tests/Unit/pos/maybe00.hs, 0.6111, True
Tests/Unit/pos/maybe0.hs, 0.6675, True
Tests/Unit/pos/maybe.hs, 0.9499, True
Tests/Unit/pos/mapTvCrash.hs, 0.6333, True
Tests/Unit/pos/maps1.hs, 0.6659, True
Tests/Unit/pos/maps.hs, 0.7119, True
Tests/Unit/pos/mapreduce.hs, 1.6252, True
Tests/Unit/pos/mapreduce-bare.hs, 2.6634, True
Tests/Unit/pos/Map2.hs, 7.8056, True
Tests/Unit/pos/Map0.hs, 7.7900, True
Tests/Unit/pos/Map.hs, 7.7502, True
Tests/Unit/pos/malformed0.hs, 0.8771, True
Tests/Unit/pos/Loo.hs, 0.6184, True
Tests/Unit/pos/LogicCurry1.hs, 0.6256, True
Tests/Unit/pos/LocalTermExpr.hs, 0.6816, True
Tests/Unit/pos/LocalSpecImp.hs, 0.6240, True
Tests/Unit/pos/LocalSpec0.hs, 0.6089, True
Tests/Unit/pos/LocalSpec.hs, 0.6743, True
Tests/Unit/pos/LocalLazy.hs, 0.6662, True
Tests/Unit/pos/LocalHole.hs, 0.6508, True
Tests/Unit/pos/lit00.hs, 0.6652, True
Tests/Unit/pos/lit.hs, 0.6234, True
Tests/Unit/pos/ListSort.hs, 1.5980, True
Tests/Unit/pos/listSetDemo.hs, 0.7607, True
Tests/Unit/pos/listSet.hs, 0.7664, True
Tests/Unit/pos/ListReverse-LType.hs, 0.6833, True
Tests/Unit/pos/ListRange.hs, 0.7363, True
Tests/Unit/pos/ListRange-LType.hs, 0.7453, True
Tests/Unit/pos/listqual.hs, 0.6486, True
Tests/Unit/pos/ListQSort.hs, 1.2143, True
Tests/Unit/pos/ListQSort-LType.hs, 1.1103, True
Tests/Unit/pos/ListMSort.hs, 1.0984, True
Tests/Unit/pos/ListMSort-LType.hs, 1.7814, True
Tests/Unit/pos/ListLen.hs, 1.0494, True
Tests/Unit/pos/ListLen-LType.hs, 0.9593, True
Tests/Unit/pos/ListKeys.hs, 0.6356, True
Tests/Unit/pos/ListISort.hs, 0.7108, True
Tests/Unit/pos/ListISort-LType.hs, 0.9702, True
Tests/Unit/pos/ListElem.hs, 0.6566, True
Tests/Unit/pos/ListConcat.hs, 0.6475, True
Tests/Unit/pos/listAnf.hs, 0.7050, True
Tests/Unit/pos/LiquidClass.hs, 0.6103, True
Tests/Unit/pos/LiquidArray.hs, 0.6390, True
Tests/Unit/pos/lex.hs, 0.6134, True
Tests/Unit/pos/lets.hs, 0.7233, True
Tests/Unit/pos/LazyWhere1.hs, 0.6681, True
Tests/Unit/pos/LazyWhere.hs, 0.6667, True
Tests/Unit/pos/LambdaEvalTiny.hs, 0.8591, True
Tests/Unit/pos/LambdaEvalSuperTiny.hs, 0.8122, True
Tests/Unit/pos/LambdaEvalMini.hs, 1.7643, True
Tests/Unit/pos/LambdaEval.hs, 8.2284, True
Tests/Unit/pos/LambdaDeBruijn.hs, 1.1123, True
Tests/Unit/pos/kmpVec.hs, 1.4159, True
Tests/Unit/pos/kmpIO.hs, 2.2733, True
Tests/Unit/pos/kmp.hs, 1.6620, True
Tests/Unit/pos/Keys.hs, 0.6734, True
Tests/Unit/pos/jeff.hs, 3.0067, True
Tests/Unit/pos/ite1.hs, 0.6366, True
Tests/Unit/pos/ite.hs, 0.6159, True
Tests/Unit/pos/invlhs.hs, 0.6210, True
Tests/Unit/pos/Invariants.hs, 0.7065, True
Tests/Unit/pos/inline1.hs, 0.6196, True
Tests/Unit/pos/inline.hs, 0.6811, True
Tests/Unit/pos/initarray.hs, 0.8741, True
Tests/Unit/pos/infix.hs, 0.6709, True
Tests/Unit/pos/Infinity.hs, 0.6911, True
Tests/Unit/pos/implies.hs, 0.6148, True
Tests/Unit/pos/imp0.hs, 0.6882, True
Tests/Unit/pos/idNat0.hs, 0.6301, True
Tests/Unit/pos/idNat.hs, 0.6376, True
Tests/Unit/pos/IcfpDemo.hs, 0.8088, True
Tests/Unit/pos/Holes.hs, 0.6711, True
Tests/Unit/pos/hole-fun.hs, 0.6283, True
Tests/Unit/pos/hole-app.hs, 0.6162, True
Tests/Unit/pos/HigherOrderRecFun.hs, 0.6198, True
Tests/Unit/pos/hello.hs, 0.6441, True
Tests/Unit/pos/HedgeUnion.hs, 0.7221, True
Tests/Unit/pos/HaskellMeasure.hs, 0.6391, True
Tests/Unit/pos/HasElem.hs, 0.6635, True
Tests/Unit/pos/grty3.hs, 0.6103, True
Tests/Unit/pos/grty2.hs, 0.6326, True
Tests/Unit/pos/grty1.hs, 0.6092, True
Tests/Unit/pos/grty0.hs, 0.6319, True
Tests/Unit/pos/Graph.hs, 0.8927, True
Tests/Unit/pos/Gradual.hs, 0.0000, True
Tests/Unit/pos/GoodHMeas.hs, 0.6384, True
Tests/Unit/pos/Goo.hs, 0.6250, True
Tests/Unit/pos/go_ugly_type.hs, 0.6682, True
Tests/Unit/pos/go.hs, 0.6605, True
Tests/Unit/pos/gimme.hs, 0.6597, True
Tests/Unit/pos/GhcSort3.T.hs, 1.2174, True
Tests/Unit/pos/GhcSort3.hs, 2.6054, True
Tests/Unit/pos/GhcSort2.hs, 1.1655, True
Tests/Unit/pos/GhcSort1.hs, 2.1851, True
Tests/Unit/pos/GhcListSort.hs, 3.7931, True
Tests/Unit/pos/GeneralizedTermination.hs, 0.6998, True
Tests/Unit/pos/GCD.hs, 0.7643, True
Tests/Unit/pos/GADTs.hs, 0.6175, True
Tests/Unit/pos/gadtEval.hs, 1.0568, True
Tests/Unit/pos/FractionalInstance.hs, 1.4855, True
Tests/Unit/pos/Fractional.hs, 0.6243, True
Tests/Unit/pos/forloop.hs, 0.7749, True
Tests/Unit/pos/for.hs, 0.8083, True
Tests/Unit/pos/Foo.hs, 0.6126, True
Tests/Unit/pos/foldr.hs, 0.6766, True
Tests/Unit/pos/foldN.hs, 0.6597, True
Tests/Unit/pos/Foldl.hs, 5.3691, True
Tests/Unit/pos/filterAbs.hs, 0.7619, True
Tests/Unit/pos/FFI.hs, 0.7127, True
Tests/Unit/pos/failName.hs, 0.6101, True
Tests/Unit/pos/extype.hs, 0.6188, True
Tests/Unit/pos/exp0.hs, 0.6684, True
Tests/Unit/pos/ExactFunApp.hs, 0.6379, True
Tests/Unit/pos/ex1.hs, 0.7257, True
Tests/Unit/pos/ex01.hs, 0.6248, True
Tests/Unit/pos/ex0.hs, 0.6836, True
Tests/Unit/pos/Even0.hs, 0.6332, True
Tests/Unit/pos/Even.hs, 0.6169, True
Tests/Unit/pos/Eval.hs, 0.7378, True
Tests/Unit/pos/eqelems.hs, 0.6784, True
Tests/Unit/pos/elim01.hs, 0.6866, True
Tests/Unit/pos/elim00.hs, 0.6410, True
Tests/Unit/pos/elim-ex-map-3.hs, 2.7496, True
Tests/Unit/pos/elim-ex-map-2.hs, 2.7718, True
Tests/Unit/pos/elim-ex-map-1.hs, 2.7095, True
Tests/Unit/pos/elim-ex-list.hs, 2.6298, True
Tests/Unit/pos/elim-ex-let.hs, 2.6420, True
Tests/Unit/pos/elim-ex-compose.hs, 1.0036, True
Tests/Unit/pos/elems.hs, 0.6418, True
Tests/Unit/pos/elements.hs, 0.9125, True
Tests/Unit/pos/duplicate-bind.hs, 0.6735, True
Tests/Unit/pos/dropwhile.hs, 0.8390, True
Tests/Unit/pos/div000.hs, 0.6147, True
Tests/Unit/pos/deptupW.hs, 0.7066, True
Tests/Unit/pos/deptup3.hs, 0.6862, True
Tests/Unit/pos/deptup1.hs, 0.7643, True
Tests/Unit/pos/deptup0.hs, 0.7176, True
Tests/Unit/pos/deptup.hs, 0.8455, True
Tests/Unit/pos/deppair1.hs, 0.6809, True
Tests/Unit/pos/deppair0.hs, 0.6933, True
Tests/Unit/pos/DependentTypes.hs, 0.6570, True
Tests/Unit/pos/deepmeas0.hs, 0.6920, True
Tests/Unit/pos/DB00.hs, 0.6246, True
Tests/Unit/pos/DataKinds.hs, 0.6138, True
Tests/Unit/pos/dataConQuals.hs, 0.6311, True
Tests/Unit/pos/datacon1.hs, 0.6070, True
Tests/Unit/pos/datacon0.hs, 0.7235, True
Tests/Unit/pos/datacon-inv.hs, 0.6158, True
Tests/Unit/pos/DataBase.hs, 0.6600, True
Tests/Unit/pos/data2.hs, 0.7190, True
Tests/Unit/pos/cut00.hs, 0.6647, True
Tests/Unit/pos/csgordon_issue_296.hs, 0.5875, True
Tests/Unit/pos/CountMonad.hs, 0.7302, True
Tests/Unit/pos/coretologic.hs, 0.6533, True
Tests/Unit/pos/contra0.hs, 0.7001, True
Tests/Unit/pos/ConstraintsAppend.hs, 1.0598, True
Tests/Unit/pos/Constraints.hs, 0.6679, True
Tests/Unit/pos/comprehensionTerm.hs, 0.9819, True
Tests/Unit/pos/CompareConstraints.hs, 0.8205, True
Tests/Unit/pos/compare2.hs, 0.6690, True
Tests/Unit/pos/compare1.hs, 0.6932, True
Tests/Unit/pos/compare.hs, 0.6816, True
Tests/Unit/pos/CommentedOut.hs, 0.6119, True
Tests/Unit/pos/Coercion.hs, 0.6329, True
Tests/Unit/pos/cmptag0.hs, 0.6784, True
Tests/Unit/pos/ClojurVector.hs, 0.8458, True
Tests/Unit/pos/ClassReg.hs, 0.6230, True
Tests/Unit/pos/Class2.hs, 0.6388, True
Tests/Unit/pos/Class.hs, 0.8042, True
Tests/Unit/pos/Chunks.hs, 0.7015, True
Tests/Unit/pos/Cat.hs, 0.6186, True
Tests/Unit/pos/case-lambda-join.hs, 0.7413, True
Tests/Unit/pos/BST000.hs, 1.0436, True
Tests/Unit/pos/BST.hs, 3.7678, True
Tests/Unit/pos/bounds1.hs, 0.6227, True
Tests/Unit/pos/Books.hs, 0.6831, True
Tests/Unit/pos/BinarySearch.hs, 0.7316, True
Tests/Unit/pos/bar.hs, 0.6237, True
Tests/Unit/pos/bangPatterns.hs, 0.6608, True
Tests/Unit/pos/AVLRJ.hs, 1.7248, True
Tests/Unit/pos/AVL.hs, 1.5764, True
Tests/Unit/pos/Avg.hs, 0.6287, True
Tests/Unit/pos/AutoTerm1.hs, 0.6270, True
Tests/Unit/pos/AutoTerm.hs, 0.6655, True
Tests/Unit/pos/AutoSize.hs, 0.6274, True
Tests/Unit/pos/AssumedRecursive.hs, 0.6199, True
Tests/Unit/pos/Assume.hs, 0.6598, True
Tests/Unit/pos/anish1.hs, 0.6483, True
Tests/Unit/pos/anftest.hs, 0.6315, True
Tests/Unit/pos/anfbug.hs, 0.6731, True
Tests/Unit/pos/AmortizedQueue.hs, 0.7289, True
Tests/Unit/pos/alphaconvert-Set.hs, 0.7704, True
Tests/Unit/pos/alphaconvert-List.hs, 0.9553, True
Tests/Unit/pos/alias01.hs, 0.6256, True
Tests/Unit/pos/alias00.hs, 0.6327, True
Tests/Unit/pos/adt0.hs, 0.6735, True
Tests/Unit/pos/Ackermann.hs, 0.6748, True
Tests/Unit/pos/absref-crash0.hs, 0.6328, True
Tests/Unit/pos/absref-crash.hs, 0.6306, True
Tests/Unit/pos/Abs.hs, 0.6400, True
Tests/Unit/neg/wrap1.hs, 0.8659, True
Tests/Unit/neg/wrap0.hs, 0.7114, True
Tests/Unit/neg/vector2.hs, 1.1070, True
Tests/Unit/neg/vector1a.hs, 0.8516, True
Tests/Unit/neg/vector0a.hs, 0.7454, True
Tests/Unit/neg/vector00.hs, 0.7113, True
Tests/Unit/neg/vector0.hs, 0.7877, True
Tests/Unit/neg/Variance1.hs, 0.6401, True
Tests/Unit/neg/Variance.hs, 0.6266, True
Tests/Unit/neg/tyclass0-unsafe.hs, 0.6340, True
Tests/Unit/neg/truespec.hs, 0.6632, True
Tests/Unit/neg/trans.hs, 1.3539, True
Tests/Unit/neg/TopLevel.hs, 0.6552, True
Tests/Unit/neg/testRec.hs, 0.6415, True
Tests/Unit/neg/test2.hs, 0.6807, True
Tests/Unit/neg/test1.hs, 0.6854, True
Tests/Unit/neg/test00c.hs, 0.6223, True
Tests/Unit/neg/test00b.hs, 0.6656, True
Tests/Unit/neg/test00a.hs, 0.6724, True
Tests/Unit/neg/test00.hs, 0.7035, True
Tests/Unit/neg/TermReal.hs, 0.6362, True
Tests/Unit/neg/TerminationNum0.hs, 0.6590, True
Tests/Unit/neg/TerminationNum.hs, 0.6480, True
Tests/Unit/neg/T745.hs, 0.6150, True
Tests/Unit/neg/T743.hs, 0.6712, True
Tests/Unit/neg/T743-mini.hs, 0.6354, True
Tests/Unit/neg/T602.hs, 0.6204, True
Tests/Unit/neg/sumPoly.hs, 0.6561, True
Tests/Unit/neg/sumk.hs, 0.6639, True
Tests/Unit/neg/Sum.hs, 0.6643, True
Tests/Unit/neg/Strings.hs, 0.6092, True
Tests/Unit/neg/string00.hs, 0.6744, True
Tests/Unit/neg/StrictPair1.hs, 0.8305, True
Tests/Unit/neg/StrictPair0.hs, 0.6231, True
Tests/Unit/neg/StreamInvariants.hs, 0.6281, True
Tests/Unit/neg/Strata.hs, 0.6163, True
Tests/Unit/neg/StateConstraints00.hs, 0.6408, True
Tests/Unit/neg/StateConstraints0.hs, 14.2036, True
Tests/Unit/neg/StateConstraints.hs, 1.0356, True
Tests/Unit/neg/state00.hs, 0.6408, True
Tests/Unit/neg/state0.hs, 0.6300, True
Tests/Unit/neg/stacks.hs, 0.8483, True
Tests/Unit/neg/Solver.hs, 1.0715, True
Tests/Unit/neg/SafePartialFunctions.hs, 0.6657, True
Tests/Unit/neg/risers.hs, 0.6635, True
Tests/Unit/neg/RG.hs, 0.8228, True
Tests/Unit/neg/revshape.hs, 0.6545, True
Tests/Unit/neg/RecSelector.hs, 0.6122, True
Tests/Unit/neg/RecQSort.hs, 0.7797, True
Tests/Unit/neg/record0.hs, 0.6314, True
Tests/Unit/neg/range.hs, 0.9437, True
Tests/Unit/neg/qsloop.hs, 0.7779, True
Tests/Unit/neg/QQTySyn2.hs, 2.7267, True
Tests/Unit/neg/QQTySyn1.hs, 2.7485, True
Tests/Unit/neg/QQTySig.hs, 2.6900, True
Tests/Unit/neg/prune0.hs, 0.6752, True
Tests/Unit/neg/Propability0.hs, 0.6550, True
Tests/Unit/neg/Propability.hs, 0.7525, True
Tests/Unit/neg/pred.hs, 0.5654, True
Tests/Unit/neg/pragma0-unsafe.hs, 0.6084, True
Tests/Unit/neg/poslist.hs, 0.7667, True
Tests/Unit/neg/polypred.hs, 0.6621, True
Tests/Unit/neg/poly2.hs, 0.6816, True
Tests/Unit/neg/poly2-degenerate.hs, 0.6855, True
Tests/Unit/neg/poly1.hs, 0.7036, True
Tests/Unit/neg/poly0.hs, 0.6949, True
Tests/Unit/neg/partial.hs, 0.6429, True
Tests/Unit/neg/pargs1.hs, 0.6171, True
Tests/Unit/neg/pargs.hs, 0.6034, True
Tests/Unit/neg/PairMeasure.hs, 0.6035, True
Tests/Unit/neg/pair0.hs, 1.1350, True
Tests/Unit/neg/pair.hs, 1.1526, True
Tests/Unit/neg/NoMethodBindingError.hs, 0.6301, True
Tests/Unit/neg/NoExhaustiveGuardsError.hs, 0.6286, True
Tests/Unit/neg/nestedRecursion.hs, 0.6380, True
Tests/Unit/neg/MultipleInvariants.hs, 0.6395, True
Tests/Unit/neg/MultiParamTypeClasses.hs, 0.6318, True
Tests/Unit/neg/multi-pred-app-00.hs, 0.6381, True
Tests/Unit/neg/mr00.hs, 0.7202, True
Tests/Unit/neg/monad7.hs, 0.8047, True
Tests/Unit/neg/monad6.hs, 0.6815, True
Tests/Unit/neg/monad5.hs, 0.6950, True
Tests/Unit/neg/monad4.hs, 0.7310, True
Tests/Unit/neg/monad3.hs, 0.7056, True
Tests/Unit/neg/MergeSort.hs, 1.0191, True
Tests/Unit/neg/MeasureDups.hs, 0.7080, True
Tests/Unit/neg/MeasureContains.hs, 0.7011, True
Tests/Unit/neg/meas9.hs, 0.6469, True
Tests/Unit/neg/meas7.hs, 0.6569, True
Tests/Unit/neg/meas5.hs, 1.0224, True
Tests/Unit/neg/meas3.hs, 0.6870, True
Tests/Unit/neg/meas2.hs, 0.6834, True
Tests/Unit/neg/meas0.hs, 0.6870, True
Tests/Unit/neg/maps.hs, 0.6941, True
Tests/Unit/neg/mapreduce.hs, 1.6220, True
Tests/Unit/neg/mapreduce-tiny.hs, 0.6900, True
Tests/Unit/neg/LocalSpec.hs, 0.6701, True
Tests/Unit/neg/lit.hs, 0.6244, True
Tests/Unit/neg/ListRange.hs, 0.7333, True
Tests/Unit/neg/ListQSort.hs, 0.9682, True
Tests/Unit/neg/listne.hs, 0.6137, True
Tests/Unit/neg/ListMSort.hs, 1.3295, True
Tests/Unit/neg/ListKeys.hs, 0.6566, True
Tests/Unit/neg/ListISort.hs, 0.9967, True
Tests/Unit/neg/ListISort-LType.hs, 0.7870, True
Tests/Unit/neg/ListElem.hs, 0.6367, True
Tests/Unit/neg/ListConcat.hs, 0.6557, True
Tests/Unit/neg/list00.hs, 0.6849, True
Tests/Unit/neg/LiquidClass1.hs, 0.6359, True
Tests/Unit/neg/LiquidClass.hs, 0.6407, True
Tests/Unit/neg/LazyWhere1.hs, 0.6684, True
Tests/Unit/neg/LazyWhere.hs, 0.6540, True
Tests/Unit/neg/inc2.hs, 0.6307, True
Tests/Unit/neg/HolesTop.hs, 0.6492, True
Tests/Unit/neg/HigherOrder.hs, 0.6105, True
Tests/Unit/neg/HasElem.hs, 0.6470, True
Tests/Unit/neg/grty3.hs, 0.6118, True
Tests/Unit/neg/grty2.hs, 0.6776, True
Tests/Unit/neg/grty1.hs, 0.6868, True
Tests/Unit/neg/grty0.hs, 0.6247, True
Tests/Unit/neg/Gradual.hs, 0.6177, True
Tests/Unit/neg/GeneralizedTermination.hs, 0.6690, True
Tests/Unit/neg/GADTs.hs, 0.5974, True
Tests/Unit/neg/FunSoundness.hs, 0.6078, True
Tests/Unit/neg/FunctionRef.hs, 0.6250, True
Tests/Unit/neg/foldN1.hs, 0.6468, True
Tests/Unit/neg/foldN.hs, 0.6547, True
Tests/Unit/neg/filterAbs.hs, 0.7577, True
Tests/Unit/neg/ex1-unsafe.hs, 0.6921, True
Tests/Unit/neg/ex0-unsafe.hs, 0.6896, True
Tests/Unit/neg/Even.hs, 0.6379, True
Tests/Unit/neg/Eval.hs, 0.7634, True
Tests/Unit/neg/errorloc.hs, 0.6480, True
Tests/Unit/neg/errmsg.hs, 0.6934, True
Tests/Unit/neg/elim000.hs, 0.6488, True
Tests/Unit/neg/elim-ex-map-3.hs, 2.7642, True
Tests/Unit/neg/elim-ex-map-2.hs, 2.7735, True
Tests/Unit/neg/elim-ex-map-1.hs, 2.7532, True
Tests/Unit/neg/elim-ex-list.hs, 2.6149, True
Tests/Unit/neg/elim-ex-let.hs, 2.6111, True
Tests/Unit/neg/elim-ex-compose.hs, 0.7204, True
Tests/Unit/neg/deptupW.hs, 0.7020, True
Tests/Unit/neg/deppair0.hs, 0.6935, True
Tests/Unit/neg/DependentTypes.hs, 0.6797, True
Tests/Unit/neg/datacon-eq.hs, 0.6114, True
Tests/Unit/neg/csv.hs, 1.1686, True
Tests/Unit/neg/coretologic.hs, 0.6660, True
Tests/Unit/neg/contra0.hs, 0.6678, True
Tests/Unit/neg/ConstraintsAppend.hs, 1.1031, True
Tests/Unit/neg/Constraints.hs, 0.6525, True
Tests/Unit/neg/concat2.hs, 0.8909, True
Tests/Unit/neg/concat1.hs, 0.8577, True
Tests/Unit/neg/concat.hs, 0.8069, True
Tests/Unit/neg/CompareConstraints.hs, 0.8427, True
Tests/Unit/neg/Client.hs, 0.6245, True
Tests/Unit/neg/Class5.hs, 0.6269, True
Tests/Unit/neg/Class4.hs, 0.6564, True
Tests/Unit/neg/Class3.hs, 0.6800, True
Tests/Unit/neg/Class2.hs, 0.6920, True
Tests/Unit/neg/Class1.hs, 0.7620, True
Tests/Unit/neg/CastedTotality.hs, 0.6744, True
Tests/Unit/neg/Books.hs, 0.6752, True
Tests/Unit/neg/BigNum.hs, 0.6124, True
Tests/Unit/neg/Baz.hs, 0.6261, True
Tests/Unit/neg/BadNats.hs, 0.6165, True
Tests/Unit/neg/BadHMeas.hs, 0.6476, True
Tests/Unit/neg/AutoTerm1.hs, 0.6303, True
Tests/Unit/neg/AutoTerm.hs, 0.6120, True
Tests/Unit/neg/AutoSize.hs, 0.6393, True
Tests/Unit/neg/Ast.hs, 0.6240, True
Tests/Unit/neg/ass0.hs, 0.6188, True
Tests/Unit/neg/alias00.hs, 0.6387, True
Tests/Unit/neg/AbsApp.hs, 0.6238, True
Tests/Unit/crash/Unbound.hs, 0.5946, True
Tests/Unit/crash/typeAliasDup.hs, 0.6382, True
Tests/Unit/crash/T774.hs, 0.5801, True
Tests/Unit/crash/T773.hs, 0.5830, True
Tests/Unit/crash/T691.hs, 0.3548, True
Tests/Unit/crash/T649.hs, 0.6120, True
Tests/Unit/crash/RClass.hs, 0.5922, True
Tests/Unit/crash/Qualif.hs, 0.5998, True
Tests/Unit/crash/predparams.hs, 0.5520, True
Tests/Unit/crash/num-float-error1.hs, 0.5838, True
Tests/Unit/crash/num-float-error.hs, 0.5888, True
Tests/Unit/crash/MultipleRecordSelectors.hs, 0.5855, True
Tests/Unit/crash/Mismatch.hs, 0.5962, True
Tests/Unit/crash/LocalTermExpr.hs, 0.5952, True
Tests/Unit/crash/LocalHole.hs, 0.6021, True
Tests/Unit/crash/issue594.hs, 0.5779, True
Tests/Unit/crash/hole-crash3.hs, 0.5671, True
Tests/Unit/crash/hole-crash2.hs, 0.5205, True
Tests/Unit/crash/hole-crash1.hs, 0.5803, True
Tests/Unit/crash/HigherOrder.hs, 0.5844, True
Tests/Unit/crash/HaskellMeasure.hs, 0.5607, True
Tests/Unit/crash/FunRef2.hs, 0.5847, True
Tests/Unit/crash/FunRef1.hs, 0.5792, True
Tests/Unit/crash/funref.hs, 0.5884, True
Tests/Unit/crash/errmsg-mismatch.hs, 0.5766, True
Tests/Unit/crash/errmsg-dc-type.hs, 0.5677, True
Tests/Unit/crash/errmsg-dc-num.hs, 0.5659, True
Tests/Unit/crash/CyclicTypeAlias3.hs, 0.5078, True
Tests/Unit/crash/CyclicTypeAlias2.hs, 0.5148, True
Tests/Unit/crash/CyclicTypeAlias1.hs, 0.5148, True
Tests/Unit/crash/CyclicTypeAlias0.hs, 0.5223, True
Tests/Unit/crash/CyclicPredAlias3.hs, 0.5113, True
Tests/Unit/crash/CyclicPredAlias2.hs, 0.5128, True
Tests/Unit/crash/CyclicPredAlias1.hs, 0.5089, True
Tests/Unit/crash/CyclicPredAlias0.hs, 0.5073, True
Tests/Unit/crash/CyclicExprAlias3.hs, 0.5122, True
Tests/Unit/crash/CyclicExprAlias2.hs, 0.5128, True
Tests/Unit/crash/CyclicExprAlias1.hs, 0.5062, True
Tests/Unit/crash/CyclicExprAlias0.hs, 0.5074, True
Tests/Unit/crash/BadSyn4.hs, 0.5553, True
Tests/Unit/crash/BadSyn3.hs, 0.5419, True
Tests/Unit/crash/BadSyn2.hs, 0.5554, True
Tests/Unit/crash/BadSyn1.hs, 0.5602, True
Tests/Unit/crash/BadPragma2.hs, 0.3494, True
Tests/Unit/crash/BadPragma1.hs, 0.3666, True
Tests/Unit/crash/BadPragma0.hs, 0.3586, True
Tests/Unit/crash/BadExprArg.hs, 0.5457, True
Tests/Unit/crash/Ast.hs, 0.5923, True
Tests/Unit/crash/Assume1.hs, 0.5892, True
Tests/Unit/crash/Assume.hs, 0.5837, True
Tests/Unit/crash/AbsRef.hs, 0.5746, True
Tests/Unit/parser/pos/TokensAsPrefixes.hs, 0.6085, True
Tests/Unit/parser/pos/Parens.hs, 0.6222, True
Tests/Unit/error/crash/TerminationExpr1.hs, 0.5604, True
Tests/Unit/error/crash/TerminationExpr.hs, 0.5777, True
Tests/Unit/eq_pos/MonadicLawsMaybeAssoc.hs, 0.9843, True
Tests/Unit/eq_pos/MonadicLawsMaybe.hs, 4.8324, True
Tests/Unit/eq_pos/MonadicLaws.hs, 13.2178, True
Tests/Unit/eq_pos/MapAppend.hs, 0.0001, True
Tests/Unit/eq_pos/ConcatMap.hs, 14.5146, True
Tests/Unit/eq_pos/Arrow.hs, 0.5994, True
Tests/Unit/eq_pos/AppendVerbose.hs, 2.3457, True
Tests/Unit/eq_pos/AppendAxiom.hs, 0.9607, True
Tests/Unit/eq_pos/AppendArrow.hs, 43.9784, True
Tests/Unit/eq_neg/Fibonacci.hs, 0.6224, True
Tests/Unit/eq_neg/Append.hs, 1.8188, True
Tests/Benchmarks/text/Setup.lhs, 0.7203, True
Tests/Benchmarks/text/Data/Text.hs, 24.7914, True
Tests/Benchmarks/text/Data/Text/UnsafeChar.hs, 1.8419, True
Tests/Benchmarks/text/Data/Text/Unsafe.hs, 1.9587, True
Tests/Benchmarks/text/Data/Text/Search.hs, 8.3712, True
Tests/Benchmarks/text/Data/Text/Private.hs, 1.8085, True
Tests/Benchmarks/text/Data/Text/Lazy.hs, 31.9992, True
Tests/Benchmarks/text/Data/Text/Internal.hs, 4.7495, True
Tests/Benchmarks/text/Data/Text/Fusion.hs, 15.1573, True
Tests/Benchmarks/text/Data/Text/Foreign.hs, 2.6361, True
Tests/Benchmarks/text/Data/Text/Encoding.hs, 30.3751, True
Tests/Benchmarks/text/Data/Text/Array.hs, 1.5551, True
Tests/Benchmarks/text/Data/Text/Lazy/Search.hs, 33.7670, True
Tests/Benchmarks/text/Data/Text/Lazy/Internal.hs, 4.9158, True
Tests/Benchmarks/text/Data/Text/Lazy/Fusion.hs, 7.0889, True
Tests/Benchmarks/text/Data/Text/Lazy/Encoding.hs, 12.4071, True
Tests/Benchmarks/text/Data/Text/Lazy/Builder.hs, 9.4432, True
Tests/Benchmarks/text/Data/Text/Fusion/Size.hs, 1.4602, True
Tests/Benchmarks/bytestring/Data/ByteString.T.hs, 19.1581, True
Tests/Benchmarks/bytestring/Data/ByteString.hs, 16.0615, True
Tests/Benchmarks/bytestring/Data/ByteString/Unsafe.hs, 1.5465, True
Tests/Benchmarks/bytestring/Data/ByteString/LazyZip.hs, 6.5010, True
Tests/Benchmarks/bytestring/Data/ByteString/Lazy.hs, 20.4832, True
Tests/Benchmarks/bytestring/Data/ByteString/Internal.hs, 4.5426, True
Tests/Benchmarks/bytestring/Data/ByteString/Fusion.T.hs, 12.5639, True
Tests/Benchmarks/bytestring/Data/ByteString/Fusion.hs, 11.7046, True
Tests/Benchmarks/bytestring/Data/ByteString/Char8.hs, 6.1830, True
Tests/Benchmarks/bytestring/Data/ByteString/Lazy/Internal.hs, 1.3920, True
Tests/Benchmarks/bytestring/Data/ByteString/Lazy/Char8.hs, 9.1687, True
Tests/Benchmarks/esop/Toy.hs, 1.1509, True
Tests/Benchmarks/esop/Splay.hs, 4.0337, True
Tests/Benchmarks/esop/ListSort.hs, 3.3768, True
Tests/Benchmarks/esop/GhcListSort.hs, 4.0765, True
Tests/Benchmarks/esop/Fib.hs, 1.0284, True
Tests/Benchmarks/esop/Base.hs, 49.9716, True
Tests/Benchmarks/esop/Array.hs, 1.6389, True
Tests/Benchmarks/vect-algs/Setup.lhs, 0.6329, True
Tests/Benchmarks/vect-algs/Data/Vector/Algorithms/Termination.hs, 0.8825, True
Tests/Benchmarks/vect-algs/Data/Vector/Algorithms/Search.hs, 2.3156, True
Tests/Benchmarks/vect-algs/Data/Vector/Algorithms/Radix.hs, 2.0138, True
Tests/Benchmarks/vect-algs/Data/Vector/Algorithms/Optimal.hs, 6.3507, True
Tests/Benchmarks/vect-algs/Data/Vector/Algorithms/Merge.hs, 4.9140, True
Tests/Benchmarks/vect-algs/Data/Vector/Algorithms/Intro.hs, 3.9674, True
Tests/Benchmarks/vect-algs/Data/Vector/Algorithms/Insertion.hs, 1.2278, True
Tests/Benchmarks/vect-algs/Data/Vector/Algorithms/Heap.hs, 15.2761, True
Tests/Benchmarks/vect-algs/Data/Vector/Algorithms/Common.hs, 0.9141, True
Tests/Benchmarks/vect-algs/Data/Vector/Algorithms/Combinators.hs, 0.6193, True
Tests/Benchmarks/vect-algs/Data/Vector/Algorithms/AmericanFlag.hs, 7.0176, True
Tests/Benchmarks/hscolour/Setup.hs, 0.6242, True
Tests/Benchmarks/hscolour/Language/Haskell/HsColour.hs, 3.3719, True
Tests/Benchmarks/hscolour/Language/Haskell/HsColour/TTY.hs, 1.0581, True
Tests/Benchmarks/hscolour/Language/Haskell/HsColour/Output.hs, 0.7949, True
Tests/Benchmarks/hscolour/Language/Haskell/HsColour/Options.hs, 0.7196, True
Tests/Benchmarks/hscolour/Language/Haskell/HsColour/MIRC.hs, 1.6728, True
Tests/Benchmarks/hscolour/Language/Haskell/HsColour/LaTeX.hs, 9.1110, True
Tests/Benchmarks/hscolour/Language/Haskell/HsColour/InlineCSS.hs, 1.4893, True
Tests/Benchmarks/hscolour/Language/Haskell/HsColour/HTML.hs, 2.7513, True
Tests/Benchmarks/hscolour/Language/Haskell/HsColour/General.hs, 0.6841, True
Tests/Benchmarks/hscolour/Language/Haskell/HsColour/CSS.hs, 1.4136, True
Tests/Benchmarks/hscolour/Language/Haskell/HsColour/Colourise.hs, 2.3215, True
Tests/Benchmarks/hscolour/Language/Haskell/HsColour/ColourHighlight.hs, 1.9183, True
Tests/Benchmarks/hscolour/Language/Haskell/HsColour/ANSI.hs, 1.5106, True
Tests/Benchmarks/icfp_pos/WhileTest.hs, 0.8101, True
Tests/Benchmarks/icfp_pos/WhileM.hs, 0.8733, True
Tests/Benchmarks/icfp_pos/TwiceM.hs, 5.3682, True
Tests/Benchmarks/icfp_pos/TestM.hs, 0.6554, True
Tests/Benchmarks/icfp_pos/RIO2.hs, 13.2084, True
Tests/Benchmarks/icfp_pos/Privileges.hs, 0.6747, True
Tests/Benchmarks/icfp_pos/Overview.lhs, 38.5441, True
Tests/Benchmarks/icfp_pos/Incr.hs, 1.1540, True
Tests/Benchmarks/icfp_pos/Incr-elim.hs, 0.7789, True
Tests/Benchmarks/icfp_pos/IfM2.hs, 2.0123, True
Tests/Benchmarks/icfp_pos/IfM.hs, 22.5108, True
Tests/Benchmarks/icfp_pos/ICFP15.lhs, 1.2012, True
Tests/Benchmarks/icfp_pos/FoldAbs.hs, 7.0061, True
Tests/Benchmarks/icfp_pos/FindRec.hs, 27.9298, True
Tests/Benchmarks/icfp_pos/Filter.lhs, 0.9245, True
Tests/Benchmarks/icfp_pos/dropwhile.hs, 0.7651, True
Tests/Benchmarks/icfp_pos/DBMovies.hs, 2.4499, True
Tests/Benchmarks/icfp_pos/CopyRec.hs, 12.9863, True
Tests/Benchmarks/icfp_pos/Composition.hs, 0.6894, True
Tests/Benchmarks/icfp_pos/CompareConstraints.hs, 0.9217, True
Tests/Benchmarks/icfp_pos/Append.hs, 0.9393, True
Tests/Benchmarks/icfp_neg/WhileM.hs, 0.9347, True
Tests/Benchmarks/icfp_neg/TwiceM.hs, 27.9347, True
Tests/Benchmarks/icfp_neg/TestM.hs, 0.6552, True
Tests/Benchmarks/icfp_neg/Records.hs, 0.7400, True
Tests/Benchmarks/icfp_neg/IfM.hs, 4.3140, True
Tests/Benchmarks/icfp_neg/DBMovies.hs, 2.2282, True
Tests/Benchmarks/icfp_neg/Composition.hs, 0.7277, True
Tests/Benchmarks/popl17_pos/Unification.hs, 20.6356, True
Tests/Benchmarks/popl17_pos/Solver.hs, 5.0896, True
Tests/Benchmarks/popl17_pos/ProofCombinators.hs, 0.7115, True
Tests/Benchmarks/popl17_pos/Peano.hs, 0.9756, True
Tests/Benchmarks/popl17_pos/Overview.hs, 0.9586, True
Tests/Benchmarks/popl17_pos/NormalForm.hs, 0.7033, True
Tests/Benchmarks/popl17_pos/MonoidMaybe.hs, 0.8160, True
Tests/Benchmarks/popl17_pos/MonoidList.hs, 0.8967, True
Tests/Benchmarks/popl17_pos/MonadReader.hs, 2.5927, True
Tests/Benchmarks/popl17_pos/MonadMaybe.hs, 0.8433, True
Tests/Benchmarks/popl17_pos/MonadList.hs, 1.2925, True
Tests/Benchmarks/popl17_pos/MonadId.hs, 0.7457, True
Tests/Benchmarks/popl17_pos/MapFusion.hs, 0.9473, True
Tests/Benchmarks/popl17_pos/FunctorReader.NoExtensionality.hs, 1.0916, True
Tests/Benchmarks/popl17_pos/FunctorReader.hs, 1.1892, True
Tests/Benchmarks/popl17_pos/FunctorMaybe.hs, 0.8372, True
Tests/Benchmarks/popl17_pos/FunctorList.hs, 1.1484, True
Tests/Benchmarks/popl17_pos/FunctorId.hs, 0.7441, True
Tests/Benchmarks/popl17_pos/FunctionEquality101.hs, 0.7096, True
Tests/Benchmarks/popl17_pos/FunctionEquality101.Extensionality.hs, 0.6818, True
Tests/Benchmarks/popl17_pos/FoldrUniversal.hs, 12.3295, True
Tests/Benchmarks/popl17_pos/Fibonacci.hs, 5.7607, True
Tests/Benchmarks/popl17_pos/Compose.hs, 0.6974, True
Tests/Benchmarks/popl17_pos/BasicLambdas0.hs, 0.6768, True
Tests/Benchmarks/popl17_pos/BasicLambdas.hs, 0.6728, True
Tests/Benchmarks/popl17_pos/ApplicativeReader.hs, 1.4340, True
Tests/Benchmarks/popl17_pos/ApplicativeMaybe.hs, 2.1722, True
Tests/Benchmarks/popl17_pos/ApplicativeId.hs, 0.8894, True
Tests/Benchmarks/popl17_pos/Append.hs, 1.1234, True
Tests/Benchmarks/popl17_pos/AlphaEquivalence.hs, 0.6994, True
Tests/Benchmarks/popl17_pos/Ackermann.hs, 4.7986, True
Tests/Benchmarks/popl17_neg/MonadReader.hs, 2.3943, True
Tests/Benchmarks/popl17_neg/MonadMaybe.hs, 0.7914, True
Tests/Benchmarks/popl17_neg/MonadList.hs, 3.4457, True
Tests/Benchmarks/popl17_neg/MapFusion.hs, 1.1011, True
Tests/Benchmarks/popl17_neg/FunctorMaybe.hs, 0.9673, True
Tests/Benchmarks/popl17_neg/FunctorList.hs, 1.1872, True
Tests/Benchmarks/popl17_neg/Fibonacci.hs, 5.2767, True
Tests/Benchmarks/popl17_neg/BasicLambdas.hs, 0.6107, True
Tests/Benchmarks/popl17_neg/ApplicativeMaybe.hs, 2.0555, True
Tests/Benchmarks/popl17_neg/Append.hs, 1.8036, True
Tests/Benchmarks/popl17_neg/Ackermann.hs, 14.9185, True
